raw_title,year_hint,tmdb_id,matched_title,release_year,confidence,popularity,n_candidates,note
10 Things I Hate About You,1999,4951,10 Things I Hate About You,1999,auto,21.5,1,
A Century of Flight,2025,1555049,A Century of Flight,2025,auto,1.1,1,
A Fading Man,2026,1530193,A Fading Man,2026,auto,2.3,1,
A Good Year,2006,9726,A Good Year,2006,auto,7.0,1,
After the Hunt,2025,1265063,After the Hunt,2025,auto,17.7,1,
Aliens,1986,679,Aliens,1986,auto,25.4,3,
Anaconda,2025,1234731,Anaconda,2025,auto,12.4,5,
Apollo 13,1995,568,Apollo 13,1995,auto,10.7,6,
Avatar: Fire and Ash,2025,83533,Avatar: Fire and Ash,2025,auto,80.9,1,
Basta Mamá,2026,1627217,Basta Mamá,2026,auto,10.8,1,
Before Sunrise,1995,76,Before Sunrise,1995,auto,17.0,1,
Billie Eilish — Hit Me Hard and Soft: The Tour (Live in 3D),2026,1515899,Billie Eilish - Hit Me Hard and Soft: The Tour (Live in 3D),2026,auto,5.9,1,
Blue Moon,2025,1299655,Blue Moon,2025,auto,13.3,4,
Bohemian Rhapsody,2018,424694,Bohemian Rhapsody,2018,auto,21.0,1,
Book Club: The Next Chapter,2023,982271,Book Club: The Next Chapter,2023,auto,7.0,1,
Bridget Jones's Diary,2001,634,Bridget Jones's Diary,2001,auto,10.7,1,
Captain America: Civil War,2016,271110,Captain America: Civil War,2016,auto,35.0,2,
Cars,2006,920,Cars,2006,auto,22.4,18,
Cars 2,2011,49013,Cars 2,2011,auto,33.9,2,
Cars 3,2017,260514,Cars 3,2017,auto,24.9,1,
Central Station,1998,666,Central Station,1998,auto,6.4,2,
Christy,2025,1287322,Christy,2025,auto,5.5,3,
Clueless,1995,9603,Clueless,1995,auto,10.3,1,
Coco,2017,354912,Coco,2017,auto,56.2,18,
Copa 71,2023,951022,Copa 71,2024,auto,1.1,1,"year differs (LB 2023 / TMDB 2024); sole candidate, same film"
Couples Retreat,2009,19899,Couples Retreat,2009,auto,10.2,1,
Crazy Rich Asians,2018,455207,Crazy Rich Asians,2018,auto,11.6,1,
Crime 101,2026,1171145,Crime 101,2026,auto,35.5,1,
Dead Man's Wire,2025,1263012,Dead Man's Wire,2026,auto,9.7,1,"year differs (LB 2025 / TMDB 2026); sole candidate, same film"
Deadpool,2016,293660,Deadpool,2016,auto,31.0,1,
Deadpool & Wolverine,2024,533535,Deadpool & Wolverine,2024,auto,58.8,2,
Elvis,2022,614934,Elvis,2022,auto,11.1,16,
Embrace of the Serpent,2015,336808,Embrace of the Serpent,2015,auto,4.1,1,
Encanto,2021,568124,Encanto,2021,auto,19.8,7,
F1,2025,911430,F1,2025,auto,35.7,7,
Fast X,2023,385687,Fast X,2023,auto,35.1,3,
Ferris Bueller's Day Off,1986,9377,Ferris Bueller's Day Off,1986,auto,13.0,1,
Field of Dreams,1989,2323,Field of Dreams,1989,auto,8.7,1,
First Man,2018,369972,First Man,2018,auto,14.5,10,
Flamin' Hot,2023,626332,Flamin' Hot,2023,auto,12.3,2,
Fool's Gold,2008,8676,Fool's Gold,2008,auto,8.2,1,
Forrest Gump,1994,13,Forrest Gump,1994,auto,39.1,2,
GOAT,2026,1297842,GOAT,2026,auto,41.0,20,
GoodFellas,1990,769,GoodFellas,1990,auto,28.8,1,
H Is for Hawk,2025,1243006,H Is for Hawk,2025,auto,4.9,1,
Hamnet,2025,858024,Hamnet,2025,auto,14.2,2,
Harry Potter and the Philosopher's Stone,2001,671,Harry Potter and the Philosopher's Stone,2001,auto,61.7,1,
Homebound,2025,1227739,Homebound,2025,auto,2.9,2,
Hoppers,2026,1327819,Hoppers,2026,auto,42.9,2,
How Stella Got Her Groove Back,1998,33644,How Stella Got Her Groove Back,1998,auto,3.6,1,
How to Lose a Guy in 10 Days,2003,9919,How to Lose a Guy in 10 Days,2003,auto,14.8,1,
I Love Boosters,2026,1227877,I Love Boosters,2026,auto,6.9,1,
I Swear,2025,1317149,I Swear,2025,auto,21.4,4,
I'm Still Here,2024,1000837,I'm Still Here,2024,auto,10.7,6,
In the Heights,2021,467909,In the Heights,2021,auto,8.2,1,
Independence Day,1996,602,Independence Day,1996,auto,21.1,4,
Instructions Not Included,2013,211954,Instructions Not Included,2013,auto,4.8,1,
Is God Is,2026,1380316,Is God Is,2026,auto,8.1,9,
Is This Thing On?,2025,1140498,Is This Thing On?,2025,auto,7.0,1,
It's Complicated,2009,22897,It's Complicated,2009,auto,7.5,1,
"It's Never Over, Jeff Buckley",2025,1400381,"It's Never Over, Jeff Buckley",2025,auto,3.3,1,
John Wick,2014,245891,John Wick,2014,auto,20.8,1,
Kokuho,2025,1379266,Kokuho,2025,auto,6.4,1,
Under the Same Moon,2007,32579,Under the Same Moon,2007,auto,3.8,1,
Lee Cronin's The Mummy,2026,1304313,Lee Cronin's The Mummy,2026,auto,34.0,1,
Lincoln,2012,72976,Lincoln,2012,auto,7.2,9,
Lion,2016,334543,Lion,2016,auto,9.3,20,
Little Miss Sunshine,2006,773,Little Miss Sunshine,2006,auto,12.7,1,
Looking for Her,2022,1038157,Looking for Her,2022,auto,1.2,1,
"Love, Simon",2018,449176,"Love, Simon",2018,auto,13.1,1,
Luca,2021,508943,Luca,2021,auto,16.8,14,
Mamma Mia!,2008,11631,Mamma Mia!,2008,auto,16.5,3,
Mamma Mia! Here We Go Again,2018,458423,Mamma Mia! Here We Go Again,2018,auto,9.2,1,
Man on Fire,2004,9509,Man on Fire,2004,auto,16.6,1,
Marty Supreme,2025,1317288,Marty Supreme,2025,auto,26.0,1,
Mercy,2026,1236153,Mercy,2026,auto,18.3,20,
Michael,2026,936075,Michael,2026,auto,56.7,20,
Midwinter Break,2026,1125701,Midwinter Break,2026,auto,4.5,1,
Milk,2008,10139,Milk,2008,auto,4.9,9,
Miss Boots,2024,988367,Miss Boots,2024,auto,1.9,1,
Moana,2016,277834,Moana,2016,auto,6.6,1,
Moana 2,2024,1241982,Moana 2,2024,auto,38.7,1,
"Monsters, Inc.",2001,585,"Monsters, Inc.",2001,auto,42.1,1,
Monte Carlo,2011,59860,Monte Carlo,2011,auto,7.7,3,
Mortal Kombat II,2026,931285,Mortal Kombat II,2026,auto,35.0,1,
Moulin Rouge!,2001,824,Moulin Rouge!,2001,auto,9.4,2,
Mrs. Harris Goes to Paris,2022,754609,Mrs. Harris Goes to Paris,2022,auto,7.4,1,
Murder on the Orient Express,2017,392044,Murder on the Orient Express,2017,auto,13.4,3,
My Big Fat Greek Wedding 3,2023,1001811,My Big Fat Greek Wedding 3,2023,auto,7.5,1,
My Life in Ruins,2009,23049,My Life in Ruins,2009,auto,5.8,1,
My Old Ass,2024,947891,My Old Ass,2024,auto,7.6,1,
Nirvanna the Band the Show the Movie,2025,1154538,Nirvanna the Band the Show the Movie,2026,auto,11.7,1,"year differs (LB 2025 / TMDB 2026); sole candidate, same film"
We Shall Not Be Moved,2024,1252505,We Shall Not Be Moved,2024,auto,1.6,1,
Number One,2026,1411577,Number One,2026,auto,3.1,6,
Ocean's Eleven,2001,161,Ocean's Eleven,2001,auto,41.1,1,
One Battle After Another,2025,1054867,One Battle After Another,2025,auto,29.8,1,
Over Your Dead Body,2026,1390300,Over Your Dead Body,2026,auto,17.0,1,
Param Sundari,2025,1226354,Param Sundari,2025,auto,1.6,1,
Paris Is Burning,1990,31225,Paris Is Burning,1991,auto,3.0,1,"year differs (LB 1990 / TMDB 1991); sole candidate, same film"
PAW Patrol: The Mighty Movie,2023,893723,PAW Patrol: The Mighty Movie,2023,auto,31.3,1,
Phantom Thread,2017,400617,Phantom Thread,2017,auto,12.1,1,
Pirates of the Caribbean: The Curse of the Black Pearl,2003,22,Pirates of the Caribbean: The Curse of the Black Pearl,2003,auto,31.2,2,
Play Dirty,2025,941109,Play Dirty,2025,auto,20.6,2,
Point Break,1991,1089,Point Break,1991,auto,15.8,1,
Predator: Badlands,2025,1242898,Predator: Badlands,2025,auto,42.0,1,
Pressure,2026,1318413,Pressure,2026,auto,18.8,15,
Primavera,2025,1365683,Primavera,2025,auto,3.5,20,
Project Hail Mary,2026,687163,Project Hail Mary,2026,auto,93.0,2,
Protector,2025,1383731,Protector,2026,override,13.3,,confirmed correct: 2026 film (was flagged: 11 same-title candidates)
Puss in Boots,2011,417859,Puss in Boots,2011,auto,25.2,2,
Puss in Boots: The Last Wish,2022,315162,Puss in Boots: The Last Wish,2022,auto,30.7,1,
Ready or Not,2019,567609,Ready or Not,2019,auto,24.7,1,
Ready or Not 2: Here I Come,2026,1266127,Ready or Not: Here I Come,2026,override,21.9,,"confirmed correct: TMDB's own title omits the ""2"" (""Ready or Not: Here I Come"")"
Real Women Have Curves,2002,30309,Real Women Have Curves,2002,auto,2.8,1,
Regretting You,2025,1327862,Regretting You,2025,auto,16.9,1,
Reminders of Him,2026,1367642,Reminders of Him,2026,auto,14.1,1,
Rental Family,2025,1208348,Rental Family,2025,auto,15.2,1,
Rocky,1976,1366,Rocky,1976,auto,18.2,5,
Rogue One: A Star Wars Story,2016,330459,Rogue One: A Star Wars Story,2016,auto,14.6,1,
Band Together,2025,1437873,Band Together,2025,auto,2.5,3,
Samurai Vengeance,2026,1543797,Samurai Vengeance,2026,auto,2.6,1,
Sarah's Oil,2025,1325678,Sarah's Oil,2025,auto,9.2,1,
Scary Movie,2026,1273221,Scary Movie,2026,auto,60.7,5,
Scream 7,2026,1159559,Scream 7,2026,auto,39.2,1,
Shrek,2001,808,Shrek,2001,auto,41.2,3,
Shrek 2,2004,809,Shrek 2,2004,auto,24.2,1,
Solo Mio,2026,1291335,Solo Mio,2026,auto,10.2,1,
Sound of Silence,2025,1466319,Sound of Silence,2025,auto,2.7,5,
Spider-Man: Homecoming,2017,315635,Spider-Man: Homecoming,2017,auto,49.2,2,
Spider-Man: Far From Home,2019,429617,Spider-Man: Far From Home,2019,auto,37.0,1,
Spider-Man: No Way Home,2021,634649,Spider-Man: No Way Home,2021,auto,66.6,1,
Springsteen: Deliver Me from Nowhere,2025,1230368,Springsteen: Deliver Me from Nowhere,2025,auto,8.7,1,
Spy Game,2001,1535,Spy Game,2001,auto,9.0,1,
Spy Kids,2001,10054,Spy Kids,2001,auto,10.7,1,
Star Trek: The Motion Picture,1979,152,Star Trek: The Motion Picture,1979,auto,9.1,1,
Star Trek II: The Wrath of Khan,1982,154,Star Trek II: The Wrath of Khan,1982,auto,6.1,1,
Star Trek III: The Search for Spock,1984,157,Star Trek III: The Search for Spock,1984,auto,4.5,1,
Star Trek IV: The Voyage Home,1986,168,Star Trek IV: The Voyage Home,1986,auto,9.0,1,
Star Trek V: The Final Frontier,1989,172,Star Trek V: The Final Frontier,1989,auto,6.8,1,
Star Trek VI: The Undiscovered Country,1991,174,Star Trek VI: The Undiscovered Country,1991,auto,5.9,1,
Star Trek: Generations,1994,193,Star Trek: Generations,1994,auto,5.9,1,
Star Trek: First Contact,1996,199,Star Trek: First Contact,1996,auto,12.5,2,
Star Trek: Insurrection,1998,200,Star Trek: Insurrection,1998,auto,7.5,1,
Star Trek: Nemesis,2002,201,Star Trek: Nemesis,2002,auto,9.6,1,
Star Trek,2009,13475,Star Trek,2009,auto,17.9,20,
Star Trek Into Darkness,2013,54138,Star Trek Into Darkness,2013,auto,13.2,1,
Star Trek Beyond,2016,188927,Star Trek Beyond,2016,auto,15.3,1,
The Mandalorian and Grogu,2026,1228710,The Mandalorian and Grogu,2026,auto,61.6,2,
Stop! That! Train!,2026,1541560,Stop! That! Train!,2026,auto,10.4,1,
Taken,2008,8681,Taken,2008,auto,19.3,4,
The Birdcage,1996,11000,The Birdcage,1996,auto,8.6,1,
The Bourne Identity,2002,2501,The Bourne Identity,2002,auto,23.2,1,
The Breadwinner,2026,1440050,The Breadwinner,2026,auto,15.7,1,
The Bride!,2026,1159831,The Bride!,2026,auto,25.5,20,
The Christophers,2025,1400357,The Christophers,2026,auto,5.8,1,"year differs (LB 2025 / TMDB 2026); sole candidate, same film"
The Devil Wears Prada,2006,350,The Devil Wears Prada,2006,auto,47.8,2,
The Devil Wears Prada 2,2026,1314481,The Devil Wears Prada 2,2026,auto,41.6,2,
The Family McMullen,2025,1548017,The Family McMullen,2025,auto,3.1,1,
The Fast and the Furious,2001,9799,The Fast and the Furious,2001,auto,2.6,1,
The Get Out,2026,1279493,The Get Out,2026,auto,16.2,1,
The Glass Bottom Boat,1966,33666,The Glass Bottom Boat,1966,auto,3.5,1,
The Lost City,2022,752623,The Lost City,2022,auto,24.3,7,
The Man from U.N.C.L.E.,2015,203801,The Man from U.N.C.L.E.,2015,auto,12.5,1,
The Prestige,2006,1124,The Prestige,2006,auto,32.6,1,
The Princess Diaries,2001,9880,The Princess Diaries,2001,auto,18.3,1,
The Princess Diaries 2: Royal Engagement,2004,11130,The Princess Diaries 2: Royal Engagement,2004,auto,20.0,2,
The Running Man,2025,798645,The Running Man,2025,auto,43.9,1,
The Sandlot,1993,11528,The Sandlot,1993,auto,9.6,1,
The Shawshank Redemption,1994,278,The Shawshank Redemption,1994,auto,56.2,1,
The SpongeBob Movie: Search for SquarePants,2025,991494,The SpongeBob Movie: Search for SquarePants,2025,auto,17.7,1,
The Sun Rises on Us All,2025,1329673,The Sun Rises on Us All,2025,auto,2.4,1,
The Super Mario Bros. Movie,2023,502356,The Super Mario Bros. Movie,2023,auto,37.0,2,
The Super Mario Galaxy Movie,2026,1226863,The Super Mario Galaxy Movie,2026,auto,51.6,1,
The Talented Mr. Ripley,1999,1213,The Talented Mr. Ripley,1999,auto,13.6,2,
They Will Kill You,2026,1292695,They Will Kill You,2026,auto,19.8,1,
Ticket to Paradise,2022,800939,Ticket to Paradise,2022,auto,11.7,1,
To Kill a Mockingbird,1962,595,To Kill a Mockingbird,1962,auto,9.7,1,
Tom & Jerry,2021,587807,Tom & Jerry,2021,auto,18.7,5,
Tom and Jerry's Global Games,2010,640257,Tom and Jerry's Global Games,2010,auto,0.6,1,
Top Gun,1986,744,Top Gun,1986,auto,20.2,1,
Top Gun: Maverick,2022,361743,Top Gun: Maverick,2022,auto,50.0,2,
Toy Story,1995,862,Toy Story,1995,auto,37.1,2,
Twilight,2008,8966,Twilight,2008,auto,34.8,19,
The Twilight Saga: New Moon,2009,18239,The Twilight Saga: New Moon,2009,auto,24.1,1,
Twister,1996,664,Twister,1996,auto,11.3,7,
Under the Tuscan Sun,2003,10934,Under the Tuscan Sun,2003,auto,9.4,1,
Wasteman,2025,1307373,Wasteman,2026,auto,5.3,1,"year differs (LB 2025 / TMDB 2026); sole candidate, same film"
Why We Dream,2025,1494570,Why We Dream,2025,auto,1.4,1,
Wicked,2024,402431,Wicked,2024,auto,20.9,19,
Wicked: For Good,2025,967941,Wicked: For Good,2025,auto,38.5,3,
Wuthering Heights,2026,1316092,“Wuthering Heights”,2026,auto,23.9,4,
"You, Me & Tuscany",2026,1455079,"You, Me & Tuscany",2026,auto,18.6,1,
Zootopia 2,2025,1084242,Zootopia 2,2025,auto,93.3,1,
