10 Things I Hate About You	1999	10-things-i-hate-about-you
1st Kiss	2025	1st-kiss
A Goofy Movie	1995	a-goofy-movie
A Knight's Tale	2001	a-knights-tale
A Poet	2025	a-poet
A Single Man	2009	a-single-man
About Time	2013	about-time
After the Hunt	2025	after-the-hunt-2025
Alice in Wonderland	1951	alice-in-wonderland-1951
Aliens	1986	aliens
Amélie	2001	amelie
Anaconda	2025	anaconda-2025
Apollo 13	1995	apollo-13
Avatar	2009	avatar
Avatar: Fire and Ash	2025	avatar-fire-and-ash
Bambi	1942	bambi
Beauty and the Beast	1991	beauty-and-the-beast-1991
Bend It Like Beckham	2002	bend-it-like-beckham
Blue Moon	2025	blue-moon-2025
Bohemian Rhapsody	2018	bohemian-rhapsody
Bridget Jones's Diary	2001	bridget-joness-diary
Bugonia	2025	bugonia
Captain America: Civil War	2016	captain-america-civil-war
Cars	2006	cars
Case 137	2025	case-137-2025
Christy	2025	christy-2025-1
Cinderella	1950	cinderella
Clueless	1995	clueless
Coco	2017	coco-2017
Colours of Time	2025	colours-of-time
Copa 71	2023	copa-71
Crazy Rich Asians	2018	crazy-rich-asians
Cruella	2021	cruella
Dead Man's Wire	2025	dead-mans-wire
Dead of Winter	2025	dead-of-winter-2025
Deadpool	2016	deadpool
Deadpool & Wolverine	2024	deadpool-wolverine
Diego Maradona	2019	diego-maradona
The Lorax	2012	the-lorax-2012
Elvis	2022	elvis-2022
Everybody Dance	2022	everybody-dance-2022
F1	2025	f1
Fast X	2023	fast-x
Ferris Bueller's Day Off	1986	ferris-buellers-day-off
Field of Dreams	1989	field-of-dreams
First Man	2018	first-man
Five Nights at Freddy's 2	2025	five-nights-at-freddys-2
Forrest Gump	1994	forrest-gump
GOAT	2026	goat-2026
Godzilla Minus One	2023	godzilla-minus-one
GoodFellas	1990	goodfellas
H Is for Hawk	2025	h-is-for-hawk
Hamnet	2025	hamnet
Happy Gilmore	1996	happy-gilmore
Harry Potter and the Philosopher's Stone	2001	harry-potter-and-the-philosophers-stone
Hercules	1997	hercules-1997
Hidden Figures	2016	hidden-figures
Hoppers	2026	hoppers
How to Lose a Guy in 10 Days	2003	how-to-lose-a-guy-in-10-days
Inception	2010	inception
Independence Day	1996	independence-day
Instructions Not Included	2013	instructions-not-included
Is This Thing On?	2025	is-this-thing-on-2025
It Was Just an Accident	2025	it-was-just-an-accident
It's Complicated	2009	its-complicated
It's Never Over, Jeff Buckley	2025	its-never-over-jeff-buckley
John Wick	2014	john-wick
John Wick: Chapter 2	2017	john-wick-chapter-2
John Wick: Chapter 3 – Parabellum	2019	john-wick-chapter-3-parabellum
John Wick: Chapter 4	2023	john-wick-chapter-4
Kicking & Screaming	2005	kicking-screaming
Kiss of the Spider Woman	2025	kiss-of-the-spider-woman-2025
Lost Ladies	2023	lost-ladies
Legally Blonde	2001	legally-blonde
Lincoln	2012	lincoln
Lion	2016	lion
Little Miss Sunshine	2006	little-miss-sunshine
Looking for Her	2022	looking-for-her-2022
Love, Simon	2018	love-simon
Mamma Mia!	2008	mamma-mia
Mamma Mia! Here We Go Again	2018	mamma-mia-here-we-go-again
Man on Fire	2004	man-on-fire-2004
Marty Supreme	2025	marty-supreme
Mercy	2026	mercy-2026
Michael	2026	michael-2026
Midwinter Break	2026	midwinter-break
Milk	2008	milk-2008
Miss Boots	2024	miss-boots
Moana	2016	moana-2016
Moana 2	2024	moana-2
Monsters, Inc.	2001	monsters-inc
Moonlight	2016	moonlight-2016
Moulin Rouge!	2001	moulin-rouge-2001
Mrs. Harris Goes to Paris	2022	mrs-harris-goes-to-paris
Mulan	1998	mulan
Murder on the Orient Express	2017	murder-on-the-orient-express-2017
My Father's Shadow	2025	my-fathers-shadow-2025
My Old Ass	2024	my-old-ass
My Tennis Maestro	2025	my-tennis-maestro
Nirvanna the Band the Show the Movie	2025	nirvanna-the-band-the-show-the-movie
We Shall Not Be Moved	2024	we-shall-not-be-moved-2024
No Other Choice	2025	no-other-choice-2025
Notting Hill	1999	notting-hill
Ocean's Eleven	2001	oceans-eleven-2001
One Battle After Another	2025	one-battle-after-another
One Hundred and One Dalmatians	1961	one-hundred-and-one-dalmatians
Paris Is Burning	1990	paris-is-burning
PAW Patrol: The Movie	2021	paw-patrol-the-movie
Phantom Thread	2017	phantom-thread
Pirates of the Caribbean: The Curse of the Black Pearl	2003	pirates-of-the-caribbean-the-curse-of-the-black-pearl
Play Dirty	2025	play-dirty-2025-1
Point Break	1991	point-break
Predator: Badlands	2025	predator-badlands
Project Hail Mary	2026	project-hail-mary
Protector	2025	protector-2025
Puss in Boots	2011	puss-in-boots
Puss in Boots: The Three Diablos	2012	puss-in-boots-the-three-diablos
Puss in Boots: The Last Wish	2022	puss-in-boots-the-last-wish
Ready or Not	2019	ready-or-not-2019
Ready or Not 2: Here I Come	2026	ready-or-not-2-here-i-come
Regretting You	2025	regretting-you
Reminders of Him	2026	reminders-of-him
Rental Family	2025	rental-family-2025
Rocketman	2019	rocketman-2019
Rocky	1976	rocky
Rogue One: A Star Wars Story	2016	rogue-one-a-star-wars-story
Sarah's Oil	2025	sarahs-oil
Scott Pilgrim vs. the World	2010	scott-pilgrim-vs-the-world
Scream 7	2026	scream-7
Shaolin Soccer	2001	shaolin-soccer
She's the Man	2006	shes-the-man
Shrek	2001	shrek
Shrek 2	2004	shrek-2
Shrek the Third	2007	shrek-the-third
Shutter Island	2010	shutter-island
Sinners	2025	sinners-2025
Sirāt	2025	sirat-2025
Sleeping Beauty	1959	sleeping-beauty
Solo Mio	2026	solo-mio
Song Sung Blue	2025	song-sung-blue-2025
Springsteen: Deliver Me from Nowhere	2025	springsteen-deliver-me-from-nowhere
Spy Game	2001	spy-game
Spy Kids	2001	spy-kids
Star Trek Beyond	2016	star-trek-beyond
Star Trek II: The Wrath of Khan	1982	star-trek-ii-the-wrath-of-khan
Taken	2008	taken
The Accountant	2016	the-accountant-2016
The Batman	2022	the-batman
The Big Green	1995	the-big-green
The Birdcage	1996	the-birdcage
The Bourne Identity	2002	the-bourne-identity-2002
The Bride!	2026	the-bride-2026
The Christophers	2025	the-christophers
The Dark Knight	2008	the-dark-knight
The Devil Wears Prada	2006	the-devil-wears-prada
The Family McMullen	2025	the-family-mcmullen
The Fast and the Furious	2001	the-fast-and-the-furious-2001
The Glass Bottom Boat	1966	the-glass-bottom-boat
The Great Gatsby	2013	the-great-gatsby-2013
The Heist of the Century	2020	the-heist-of-the-century
The Lion King	1994	the-lion-king
The Little Mermaid	1989	the-little-mermaid
The Man from U.N.C.L.E.	2015	the-man-from-uncle
The Prestige	2006	the-prestige
The Princess Diaries	2001	the-princess-diaries
The Richest Woman in the World	2025	the-richest-woman-in-the-world
The Running Man	2025	the-running-man-2025
The Sandlot	1993	the-sandlot
The Secret Agent	2025	the-secret-agent-2025
The Shawshank Redemption	1994	the-shawshank-redemption
The SpongeBob SquarePants Movie	2004	the-spongebob-squarepants-movie
The SpongeBob Movie: Search for SquarePants	2025	the-spongebob-movie-search-for-squarepants
The Way Way Back	2013	the-way-way-back
The Wizard of Oz	1939	the-wizard-of-oz-1939
To Kill a Mockingbird	1962	to-kill-a-mockingbird
To Wong Foo, Thanks for Everything! Julie Newmar	1995	to-wong-foo-thanks-for-everything-julie-newmar
Tom & Jerry	2021	tom-jerry-2021
Top Gun	1986	top-gun
Top Gun: Maverick	2022	top-gun-maverick
Toy Story	1995	toy-story
Twister	1996	twister
We Girls	2025	we-girls
Why We Dream	2025	why-we-dream
Wicked	2024	wicked-2024
Wicked: For Good	2025	wicked-for-good
Wuthering Heights	2026	wuthering-heights-2026
Zoolander	2001	zoolander
Zootopia	2016	zootopia
Zootopia 2	2025	zootopia-2
