title,is,C,A,D,M,R,dispersion,P,audienceDivided,agreementGated,classification,phrase,flags
"10 Things I Hate About You",74,0.526,1.079,0.480,72.7,0.869,0.406,,no,no,miscible,"In Agreement",
"A Century of Flight",68,,,,,,,,,,unmeasured,"",
"A Fading Man",69,,,,,,,,,,unmeasured,"",
"A Good Year",52,-0.889,0.272,0.855,36.4,0.737,0.238,,no,no,crowd-pleaser,"Audience's Film",
"After the Hunt",51,-0.333,-0.678,-0.266,90.6,0.772,0.273,,no,no,miscible,"In Agreement",
"Aliens",85,1.405,1.851,0.390,81.0,0.875,0.219,,no,no,miscible,"Loved by All",
"Anaconda",49,-0.628,-0.784,-0.126,97.8,0.812,0.739,,yes,no,miscible,"In Agreement",
"Apollo 13",80,1.342,1.271,-0.061,99.5,0.850,0.202,,no,no,miscible,"Loved by All",
"Avatar: Fire and Ash",68,0.205,0.921,0.607,60.1,0.848,0.429,,no,no,partial,"",
"Basta Mamá",62,,,,,,,,,,unmeasured,"",
"Before Sunrise",85,1.258,1.835,0.488,71.9,0.845,0.153,,no,no,miscible,"Loved by All",
"Billie Eilish - Hit Me Hard and Soft: The Tour (Live in 3D)",82,1.209,1.540,0.244,92.1,0.737,0.796,,yes,no,miscible,"Loved by All",
"Blue Moon",77,1.205,0.576,-0.480,72.7,0.764,0.238,,no,no,miscible,"In Agreement",
"Bohemian Rhapsody",66,-0.793,1.137,1.212,13.1,0.628,0.458,,no,no,crowd-pleaser,"Audience's Film",
"Book Club: The Next Chapter",51,-0.576,-0.488,0.066,99.4,0.749,1.000,,yes,no,miscible,"In Agreement",
"Bridget Jones's Diary",70,0.749,0.602,-0.125,97.9,0.848,0.319,,no,no,miscible,"In Agreement",
"Captain America: Civil War",79,1.015,1.281,0.234,92.7,0.882,0.304,,no,no,miscible,"Loved by All",
"Cars",75,0.757,1.097,0.298,88.4,0.878,0.303,,no,no,miscible,"In Agreement",
"Cars 2",56,-0.036,-0.232,-0.168,96.2,0.858,0.215,,no,no,miscible,"In Agreement",
"Cars 3",65,0.207,0.289,0.069,99.3,0.839,0.191,,no,no,miscible,"In Agreement",
"Central Station",84,1.202,1.861,0.530,67.8,0.805,0.145,,no,yes,miscible,"Loved by All",
"Christy",64,0.016,0.256,0.180,95.6,0.749,0.752,,yes,no,miscible,"In Agreement",
"Clueless",74,0.963,0.795,-0.142,97.2,0.849,0.134,,no,no,miscible,"In Agreement",
"Coco",85,1.490,1.838,0.300,88.3,0.862,0.175,,no,no,miscible,"Loved by All",
"Copa 71",83,1.340,1.167,-0.101,98.6,0.586,0.102,,no,no,miscible,"Loved by All",
"Couples Retreat",36,-1.678,-1.078,0.500,70.8,0.832,0.248,,no,no,miscible,"Panned by All",
"Crazy Rich Asians",75,1.112,0.588,-0.438,76.7,0.837,0.161,,no,no,miscible,"In Agreement",
"Crime 101",71,0.912,0.358,-0.449,75.6,0.811,0.496,,no,no,miscible,"In Agreement",
"Dead Man's Wire",72,0.870,0.278,-0.397,80.4,0.671,0.293,,no,no,miscible,"In Agreement",
"Deadpool",75,0.461,1.345,0.782,42.9,0.884,0.325,,no,no,partial,"",
"Deadpool & Wolverine",69,0.223,1.153,0.809,40.4,0.870,0.451,,no,no,partial,"",
"Elvis",70,0.215,0.948,0.618,58.9,0.843,0.528,,no,no,partial,"",
"Embrace of the Serpent",85,1.296,1.519,0.172,96.0,0.774,0.237,,no,no,miscible,"Loved by All",
"Encanto",77,1.042,0.923,-0.100,98.6,0.842,0.461,,no,no,miscible,"In Agreement",
"F1",74,0.610,1.230,0.527,68.0,0.851,0.471,,no,no,partial,"",
"Fast X",57,-0.174,-0.367,-0.162,96.4,0.841,0.972,,yes,no,miscible,"In Agreement",
"Ferris Bueller's Day Off",75,0.575,1.466,0.766,44.4,0.860,0.212,,no,no,partial,"",
"Field of Dreams",72,0.729,0.984,0.212,94.0,0.829,0.320,,no,no,miscible,"In Agreement",
"First Man",79,1.213,0.775,-0.369,82.8,0.842,0.233,,no,no,miscible,"In Agreement",
"Flamin' Hot",64,0.029,0.425,0.304,88.0,0.769,0.758,,yes,no,miscible,"In Agreement",
"Fool's Gold",39,-1.736,-0.685,0.780,43.1,0.742,0.138,,no,no,partial,"",
"Forrest Gump",82,1.216,2.084,0.773,43.8,0.890,0.252,,no,yes,miscible,"Loved by All",
"GOAT",70,0.521,0.793,0.218,93.7,0.799,0.614,,yes,no,miscible,"In Agreement",
"GoodFellas",90,1.727,2.226,0.439,76.6,0.879,0.164,,no,no,miscible,"Loved by All",
"H Is for Hawk",69,0.477,0.356,-0.081,99.1,0.670,0.219,,no,no,miscible,"In Agreement",
"Hamnet",83,1.089,1.553,0.379,81.9,0.817,0.290,,no,no,miscible,"Loved by All",
"Harry Potter and the Philosopher's Stone",74,0.833,1.272,0.389,81.1,0.886,0.134,,no,no,miscible,"In Agreement",
"Homebound",86,1.565,1.516,-0.031,99.9,0.647,0.280,,no,no,miscible,"Loved by All",
"Hoppers",78,1.236,1.172,-0.053,99.6,0.826,0.414,,no,no,miscible,"Loved by All",
"How Stella Got Her Groove Back",56,-0.132,-0.184,-0.037,99.8,0.717,0.529,,no,no,miscible,"In Agreement",
"How to Lose a Guy in 10 Days",57,-0.767,0.630,1.186,14.3,0.849,0.413,,no,no,crowd-pleaser,"Audience's Film",
"I Love Boosters",76,0.936,0.501,-0.327,86.2,0.752,0.600,,yes,no,miscible,"In Agreement",
"I Swear",83,1.074,1.955,0.669,53.8,0.759,0.131,,no,yes,miscible,"Loved by All",
"I'm Still Here",86,1.596,1.899,0.244,92.1,0.806,0.212,,no,no,miscible,"Loved by All",
"In the Heights",80,1.529,0.888,-0.522,68.6,0.814,0.483,,no,no,partial,"",
"Independence Day",68,0.302,0.564,0.227,93.1,0.868,0.195,,no,no,miscible,"In Agreement",
"Instructions Not Included",67,0.001,1.238,0.895,33.0,0.724,0.186,,no,no,crowd-pleaser,"Audience's Film",
"Is God Is",79,1.323,0.505,-0.614,59.3,0.751,0.650,,yes,no,partial,"",
"Is This Thing On?",73,1.004,0.398,-0.460,74.7,0.758,0.376,,no,no,miscible,"In Agreement",
"It's Complicated",61,0.004,0.003,-0.000,100.0,0.827,0.196,,no,no,miscible,"In Agreement",
"It's Never Over, Jeff Buckley",83,1.058,1.655,0.415,78.8,0.695,0.418,,no,no,miscible,"Loved by All",
"John Wick",76,0.788,1.180,0.340,85.2,0.869,0.103,,no,no,miscible,"In Agreement",
"Kokuho",82,1.366,1.318,-0.031,99.9,0.644,0.281,,no,no,miscible,"Loved by All",
"Under the Same Moon",70,0.268,1.044,0.527,68.1,0.680,0.400,,no,no,partial,"",
"Lee Cronin's The Mummy",54,-0.563,-0.178,0.313,87.3,0.813,0.867,,yes,no,miscible,"In Agreement",
"Lincoln",80,1.554,0.823,-0.625,58.2,0.856,0.266,,no,no,partial,"",
"Lion",78,0.884,1.564,0.569,63.9,0.836,0.157,,no,no,partial,"",
"Little Miss Sunshine",82,1.271,1.592,0.279,89.8,0.869,0.204,,no,no,miscible,"Loved by All",
"Looking for Her",63,,,,,,,,,,unmeasured,"",
"Luca",77,0.812,1.110,0.248,91.8,0.834,0.176,,no,no,miscible,"In Agreement",
"Mamma Mia!",62,-0.334,0.551,0.762,44.7,0.861,0.447,,no,no,partial,"",
"Mamma Mia! Here We Go Again",69,0.260,0.411,0.124,97.9,0.823,0.125,,no,no,miscible,"In Agreement",
"Man on Fire",60,-0.535,1.237,1.515,4.2,0.855,0.266,,no,no,crowd-pleaser,"Audience's Film",
"Marty Supreme",84,1.648,1.120,-0.438,76.6,0.831,0.352,,no,no,miscible,"Loved by All",
"Mercy",44,-1.195,-0.281,0.739,47.0,0.808,0.879,,yes,no,partial,"",
"Michael",57,-1.091,1.334,2.076,0.3,0.856,0.596,,yes,no,crowd-pleaser,"Audience's Film",
"Midwinter Break",61,0.028,-0.372,-0.257,91.2,0.643,0.467,,no,no,miscible,"In Agreement",
"Milk",81,1.488,1.163,-0.274,90.2,0.842,0.280,,no,no,miscible,"Loved by All",
"Miss Boots",69,,,,,,,,,,unmeasured,"",
"Moana",81,1.366,1.183,-0.157,96.6,0.856,0.243,,no,no,miscible,"Loved by All",
"Moana 2",60,-0.052,-0.003,0.042,99.8,0.838,0.808,,yes,no,miscible,"In Agreement",
"Monsters, Inc.",84,1.203,1.677,0.418,78.5,0.882,0.125,,no,no,miscible,"Loved by All",
"Monte Carlo",53,-0.738,0.022,0.618,59.0,0.813,0.539,,no,no,partial,"",
"Mortal Kombat II",58,-0.234,0.274,0.423,78.0,0.834,0.841,,yes,no,miscible,"In Agreement",
"Moulin Rouge!",73,0.681,1.207,0.453,75.3,0.860,0.233,,no,no,miscible,"In Agreement",
"Mrs. Harris Goes to Paris",76,0.937,0.841,-0.075,99.2,0.788,0.475,,no,no,miscible,"In Agreement",
"Murder on the Orient Express",60,-0.225,0.006,0.195,94.9,0.844,0.180,,no,no,miscible,"In Agreement",
"My Big Fat Greek Wedding 3",41,-1.183,-1.076,0.082,99.1,0.762,0.897,,yes,no,miscible,"Panned by All",
"My Life in Ruins",40,-1.496,-0.423,0.812,40.1,0.757,0.472,,no,no,partial,"",
"My Old Ass",75,1.098,0.651,-0.352,84.3,0.786,0.402,,no,no,miscible,"In Agreement",
"Nirvanna the Band the Show the Movie",84,1.436,1.575,0.103,98.5,0.740,0.267,,no,no,miscible,"Loved by All",
"We Shall Not Be Moved",73,,,,,,,,,,unmeasured,"",
"Number One",65,,,,,,,,,,unmeasured,"",
"Ocean's Eleven",78,0.893,1.275,0.335,85.7,0.875,0.184,,no,no,miscible,"In Agreement",
"One Battle After Another",86,1.821,1.192,-0.532,67.6,0.846,0.458,,no,yes,miscible,"Loved by All",
"Over Your Dead Body",61,0.061,-0.048,-0.084,99.0,0.767,0.424,,no,no,miscible,"In Agreement",
"Param Sundari",33,-2.077,-1.432,0.257,91.2,0.399,0.568,,yes,no,miscible,"Panned by All",
"Paris Is Burning",88,1.324,1.969,0.491,71.6,0.761,0.467,,no,no,miscible,"Loved by All",
"PAW Patrol: The Mighty Movie",59,0.065,-0.031,-0.072,99.3,0.745,0.941,,yes,no,miscible,"In Agreement",
"Phantom Thread",84,1.647,1.195,-0.376,82.2,0.832,0.438,,no,no,miscible,"Loved by All",
"Pirates of the Caribbean: The Curse of the Black Pearl",75,0.546,1.550,0.888,33.6,0.885,0.163,,no,no,crowd-pleaser,"Audience's Film",
"Play Dirty",51,-0.727,-0.741,-0.011,100.0,0.775,0.420,,no,no,miscible,"In Agreement",
"Point Break",69,0.426,0.971,0.457,74.9,0.838,0.158,,no,no,miscible,"In Agreement",
"Predator: Badlands",75,1.074,0.932,-0.119,98.1,0.842,0.588,,yes,no,miscible,"In Agreement",
"Pressure",75,0.952,0.993,0.033,99.9,0.792,0.496,,no,no,miscible,"In Agreement",
"Primavera",71,,,,,,,,,,unmeasured,"",
"Project Hail Mary",85,1.026,1.929,0.779,43.1,0.863,0.198,,no,yes,miscible,"Loved by All",
"Protector",42,-1.324,-0.467,0.596,61.2,0.695,1.262,,yes,no,partial,"",
"Puss in Boots",66,0.529,0.260,-0.138,97.4,0.512,0.198,,no,no,miscible,"In Agreement",
"Puss in Boots: The Last Wish",82,1.030,1.742,0.602,60.5,0.846,0.146,,no,yes,miscible,"Loved by All",
"Ready or Not",72,0.709,0.618,-0.076,99.2,0.830,0.174,,no,no,miscible,"In Agreement",
"Ready or Not: Here I Come",66,0.359,0.493,0.108,98.4,0.805,0.553,,yes,no,miscible,"In Agreement",
"Real Women Have Curves",75,0.950,0.761,-0.140,97.3,0.741,0.687,,yes,no,miscible,"In Agreement",
"Regretting You",44,-1.299,-0.291,0.702,50.5,0.696,0.896,,yes,no,partial,"",
"Reminders of Him",56,-0.580,-0.046,0.408,79.5,0.764,1.071,,yes,no,miscible,"In Agreement",
"Rental Family",75,0.704,1.308,0.435,77.0,0.720,0.289,,no,no,miscible,"In Agreement",
"Rocky",80,1.143,1.406,0.229,93.0,0.870,0.518,,no,no,miscible,"Loved by All",
"Rogue One: A Star Wars Story",73,0.718,1.198,0.306,87.9,0.636,0.201,,no,no,miscible,"In Agreement",
"Band Together",71,,,,,,,,,,unmeasured,"",
"Samurai Vengeance",72,,,,,,,,,,unmeasured,"",
"Sarah's Oil",74,0.962,0.754,-0.084,99.0,0.406,0.873,,yes,no,miscible,"In Agreement",
"Scary Movie",41,-1.102,-0.948,0.127,97.8,0.824,0.740,,yes,no,miscible,"In Agreement",
"Scream 7",42,-1.196,-0.844,0.291,89.0,0.824,0.875,,yes,no,miscible,"In Agreement",
"Shrek",83,1.460,1.612,0.134,97.5,0.884,0.138,,no,no,miscible,"Loved by All",
"Shrek 2",79,1.001,1.135,0.118,98.1,0.879,0.469,,no,no,miscible,"Loved by All",
"Solo Mio",64,-0.251,0.550,0.615,59.2,0.767,0.755,,yes,no,partial,"",
"Sound of Silence",68,,,,,,,,,,unmeasured,"",
"Spider-Man: Homecoming",72,0.877,0.819,-0.037,99.8,0.636,0.219,,no,no,miscible,"In Agreement",
"Spider-Man: Far From Home",75,0.759,0.946,0.163,96.4,0.873,0.539,,no,no,miscible,"In Agreement",
"Spider-Man: No Way Home",80,0.950,1.639,0.609,59.8,0.883,0.284,,no,no,partial,"",
"Springsteen: Deliver Me from Nowhere",62,0.194,0.258,0.050,99.7,0.790,0.487,,no,no,miscible,"In Agreement",
"Spy Game",66,0.231,0.593,0.296,88.6,0.820,0.215,,no,no,miscible,"In Agreement",
"Spy Kids",70,1.046,-0.451,-1.256,11.3,0.839,0.363,,no,no,critic-darling,"Critics' Film",
"Star Trek: The Motion Picture",57,-0.181,-0.140,0.035,99.8,0.826,0.398,,no,no,miscible,"In Agreement",
"Star Trek II: The Wrath of Khan",77,0.788,1.390,0.502,70.6,0.833,0.244,,no,no,miscible,"In Agreement",
"Star Trek III: The Search for Spock",67,0.400,0.277,-0.096,98.7,0.781,0.165,,no,no,miscible,"In Agreement",
"Star Trek IV: The Voyage Home",74,0.896,0.990,0.078,99.2,0.823,0.188,,no,no,miscible,"In Agreement",
"Star Trek V: The Final Frontier",44,-0.983,-1.105,-0.099,98.6,0.816,0.420,,no,no,miscible,"In Agreement",
"Star Trek VI: The Undiscovered Country",70,0.548,0.880,0.197,94.7,0.594,0.324,,no,no,miscible,"In Agreement",
"Star Trek: Generations",60,-0.205,-0.032,0.103,98.5,0.594,0.284,,no,no,miscible,"In Agreement",
"Star Trek: First Contact",77,1.033,1.188,0.128,97.7,0.829,0.296,,no,no,miscible,"Loved by All",
"Star Trek: Insurrection",61,0.011,-0.348,-0.293,88.8,0.814,0.357,,no,no,miscible,"In Agreement",
"Star Trek: Nemesis",52,-0.566,-0.456,0.091,98.9,0.821,0.395,,no,no,miscible,"In Agreement",
"Star Trek",81,1.145,1.285,0.122,97.9,0.880,0.356,,no,no,miscible,"Loved by All",
"Star Trek Into Darkness",75,0.743,1.022,0.243,92.2,0.872,0.477,,no,no,miscible,"In Agreement",
"Star Trek Beyond",72,0.664,0.480,-0.158,96.6,0.855,0.349,,no,no,miscible,"In Agreement",
"The Mandalorian and Grogu",61,-0.309,0.428,0.620,58.8,0.841,0.631,,yes,no,partial,"",
"Stop! That! Train!",65,0.165,-0.309,-0.342,85.1,0.721,0.742,,yes,no,miscible,"In Agreement",
"Taken",65,-0.142,1.100,1.087,19.5,0.875,0.290,,no,no,crowd-pleaser,"Audience's Film",
"The Birdcage",76,0.840,1.053,0.175,95.9,0.820,0.244,,no,no,miscible,"In Agreement",
"The Bourne Identity",75,0.747,1.318,0.497,71.1,0.869,0.356,,no,no,miscible,"In Agreement",
"The Breadwinner",40,-1.606,-0.459,0.850,36.8,0.741,1.068,,yes,no,crowd-pleaser,"Audience's Film",
"The Bride!",56,0.033,-0.551,-0.467,73.9,0.799,0.482,,no,no,miscible,"In Agreement",
"The Christophers",78,1.189,0.564,-0.449,75.6,0.719,0.364,,no,no,miscible,"In Agreement",
"The Devil Wears Prada",71,0.245,0.894,0.566,64.2,0.871,0.142,,no,no,partial,"",
"The Devil Wears Prada 2",64,0.295,-0.038,-0.201,94.6,0.603,0.273,,no,no,miscible,"In Agreement",
"The Dog",,,,,,,,,,,unmeasured,"",thin
"The Family McMullen",68,0.846,-0.435,-0.475,73.2,0.371,0.296,,no,no,miscible,"In Agreement",
"The Fast and the Furious",64,0.099,0.631,0.462,74.4,0.870,0.130,,no,no,miscible,"In Agreement",
"The Get Out",51,-0.373,-0.828,-0.302,88.1,0.663,0.198,,no,no,miscible,"In Agreement",
"The Glass Bottom Boat",65,0.231,0.160,-0.028,99.9,0.390,0.309,,no,no,miscible,"In Agreement",
"The Lost City",63,0.563,-0.161,-0.600,60.7,0.830,0.731,,yes,no,partial,"",
"The Man from U.N.C.L.E.",66,-0.010,0.705,0.605,60.3,0.846,0.155,,no,no,partial,"",
"The Prestige",78,0.598,1.955,1.200,13.6,0.885,0.164,,no,no,crowd-pleaser,"Audience's Film",
"The Princess Diaries",60,-0.472,0.459,0.788,42.3,0.846,0.309,,no,no,partial,"",
"The Princess Diaries 2: Royal Engagement",57,-0.869,0.034,0.536,67.2,0.594,0.438,,no,no,partial,"",
"The Running Man",61,0.004,0.054,0.041,99.8,0.818,0.393,,no,no,miscible,"In Agreement",
"The Sandlot",68,0.156,1.315,0.952,28.5,0.822,0.235,,no,no,crowd-pleaser,"Audience's Film",
"The Shawshank Redemption",88,1.297,2.498,1.073,20.3,0.893,0.318,,no,yes,miscible,"Loved by All",
"The SpongeBob Movie: Search for SquarePants",64,0.805,-0.555,-1.046,22.0,0.769,0.628,,yes,no,critic-darling,"Critics' Film",
"The Sun Rises on Us All",66,0.765,-0.105,-0.313,87.3,0.360,0.527,,no,no,miscible,"In Agreement",
"The Super Mario Bros. Movie",61,-0.508,0.899,1.222,12.6,0.869,0.679,,yes,no,crowd-pleaser,"Audience's Film",
"The Super Mario Galaxy Movie",52,-0.980,0.487,1.249,11.5,0.852,0.919,,yes,no,crowd-pleaser,"Audience's Film",
"The Talented Mr. Ripley",78,1.193,1.059,-0.113,98.3,0.837,0.206,,no,no,miscible,"Loved by All",
"They Will Kill You",60,-0.197,-0.066,0.105,98.5,0.802,0.533,,no,no,miscible,"In Agreement",
"Ticket to Paradise",56,-0.320,-0.089,0.187,95.3,0.811,0.781,,yes,no,miscible,"In Agreement",
"To Kill a Mockingbird",86,1.291,1.736,0.372,82.6,0.836,0.136,,no,no,miscible,"Loved by All",
"Tom & Jerry",41,-1.400,-0.785,0.501,70.6,0.815,1.105,,yes,no,miscible,"In Agreement",
"Tom and Jerry's Global Games",,,,,,,,,,,unmeasured,"",thin
"Top Gun",62,-0.169,0.744,0.789,42.2,0.864,0.288,,no,no,partial,"",
"Top Gun: Maverick",83,1.396,1.792,0.347,84.7,0.876,0.254,,no,no,miscible,"Loved by All",
"Toy Story",90,1.929,1.803,-0.113,98.3,0.890,0.191,,no,no,miscible,"Loved by All",
"Twilight",56,-0.173,-0.394,-0.194,94.9,0.878,0.755,,yes,no,miscible,"In Agreement",
"The Twilight Saga: New Moon",46,-1.095,-0.897,0.172,96.0,0.869,0.681,,yes,no,miscible,"In Agreement",
"Twister",67,0.419,0.165,-0.216,93.7,0.852,0.180,,no,no,miscible,"In Agreement",
"Under the Tuscan Sun",62,0.022,0.557,0.431,77.4,0.805,0.251,,no,no,miscible,"In Agreement",
"Wasteman",80,1.288,0.898,-0.278,89.8,0.715,0.284,,no,no,miscible,"In Agreement",
"Why We Dream",85,,,,,,,,,,unmeasured,"",
"Wicked",73,0.877,0.998,0.075,99.2,0.623,0.423,,no,no,miscible,"In Agreement",
"Wicked: For Good",64,0.236,0.567,0.278,89.9,0.839,0.611,,yes,no,miscible,"In Agreement",
"“Wuthering Heights”",57,-0.187,-0.294,-0.087,99.0,0.812,0.592,,yes,no,miscible,"In Agreement",
"You, Me & Tuscany",58,0.089,-0.034,-0.093,98.8,0.751,1.001,,yes,no,miscible,"In Agreement",
"Zootopia 2",78,1.209,1.159,-0.042,99.8,0.836,0.376,,no,no,miscible,"Loved by All",
